home_team,home_win_rate,away_win_rate,home_avg_goal_diff,home_recent_form,away_recent_form,h_to_h_home_win_rate,home_draw_rate,away_draw_rate,home_ranking,away_ranking
Afghanistan,0.26666666666666666,0.5333333333333333,-1.1333333333333333,0.48666666666666664,0.5666666666666667,0.26666666666666666,0.2,0.18298525793671844,100.0,100.0
Albania,0.29914529914529914,0.48717948717948717,-0.23076923076923078,0.47777777777777775,0.49145299145299143,0.29914529914529914,0.21367521367521367,0.20807510547050065,100.0,20.0
Algeria,0.7054263565891473,0.11627906976744186,1.5116279069767442,0.5449612403100775,0.47674418604651164,0.7054263565891473,0.17829457364341086,0.24007438941979667,28.0,100.0
American Samoa,0.2857142857142857,0.5714285714285714,-4.0,0.4714285714285714,0.5142857142857143,0.2857142857142857,0.14285714285714285,0.07176157176157176,100.0,100.0
Andorra,0.05714285714285714,0.9,-2.142857142857143,0.4128571428571428,0.49428571428571433,0.05714285714285714,0.04285714285714286,0.2040345650832635,100.0,30.0
Angola,0.5913978494623656,0.17204301075268819,0.946236559139785,0.5354838709677419,0.5182795698924731,0.5913978494623656,0.23655913978494625,0.22938156894847933,100.0,100.0
Anguilla,0.0,0.8571428571428571,-3.142857142857143,0.41428571428571426,0.5857142857142856,0.0,0.14285714285714285,0.10736863711001643,100.0,100.0
Antigua and Barbuda,0.45454545454545453,0.36363636363636365,0.6363636363636364,0.49090909090909096,0.5227272727272727,0.45454545454545453,0.18181818181818182,0.17929488121512674,100.0,100.0
Argentina,0.69,0.135,1.205,0.5745,0.45299999999999996,0.69,0.175,0.23127340118116865,3.0,100.0
Armenia,0.23376623376623376,0.5064935064935064,-0.6883116883116883,0.4363636363636364,0.48441558441558435,0.23376623376623376,0.2597402597402597,0.2076527966266868,100.0,100.0
Aruba,0.25,0.75,-2.0833333333333335,0.35000000000000003,0.5750000000000001,0.25,0.0,0.1654983486341245,100.0,100.0
Australia,0.6747967479674797,0.13821138211382114,2.2113821138211383,0.5390243902439024,0.48130081300813005,0.6747967479674797,0.18699186991869918,0.2041866898468702,27.0,100.0
Austria,0.5941176470588235,0.2529411764705882,1.088235294117647,0.5211764705882352,0.4923529411764706,0.5941176470588235,0.15294117647058825,0.2049062477265777,24.0,1.0
Azerbaijan,0.16216216216216217,0.5945945945945946,-0.8108108108108109,0.4175675675675675,0.5108108108108108,0.16216216216216217,0.24324324324324326,0.21040968598680537,100.0,100.0
Bahamas,0.16666666666666666,0.5,-1.8333333333333333,0.27499999999999997,0.65,0.16666666666666666,0.3333333333333333,0.1759729963327615,100.0,100.0
Bahrain,0.3880597014925373,0.34328358208955223,0.47761194029850745,0.46119402985074626,0.46567164179104475,0.3880597014925373,0.26865671641791045,0.21321979437086774,100.0,100.0
Bangladesh,0.21212121212121213,0.6060606060606061,-1.121212121212121,0.43333333333333335,0.5333333333333333,0.21212121212121213,0.18181818181818182,0.1967049885292819,100.0,100.0
Barbados,0.25,0.55,-0.65,0.48,0.505,0.25,0.2,0.18860730051781868,100.0,100.0
Belarus,0.28378378378378377,0.4864864864864865,-0.4594594594594595,0.42027027027027025,0.49189189189189186,0.28378378378378377,0.22972972972972974,0.20297951664882855,100.0,100.0
Belgium,0.6275510204081632,0.20408163265306123,1.2551020408163265,0.5214285714285715,0.47806122448979593,0.6275510204081632,0.1683673469387755,0.20513031632560597,9.0,40.0
Belize,0.2857142857142857,0.5714285714285714,-0.2857142857142857,0.33571428571428574,0.55,0.2857142857142857,0.14285714285714285,0.15744688256608885,100.0,33.0
Benin,0.5,0.25675675675675674,0.3918918918918919,0.5148648648648649,0.518918918918919,0.5,0.24324324324324326,0.24772252810342715,100.0,100.0
Bermuda,0.4230769230769231,0.2692307692307692,0.6538461538461539,0.46923076923076923,0.5461538461538461,0.4230769230769231,0.3076923076923077,0.1886449380031296,100.0,29.0
Bhutan,0.42857142857142855,0.5714285714285714,-1.0,0.35714285714285715,0.5,0.42857142857142855,0.0,0.12532187208412923,100.0,100.0
Bolivia,0.4742268041237113,0.28865979381443296,0.4329896907216495,0.5072164948453608,0.520618556701031,0.4742268041237113,0.23711340206185566,0.23816685232767434,100.0,5.0
Bosnia and Herzegovina,0.47435897435897434,0.32051282051282054,0.5512820512820513,0.45641025641025645,0.491025641025641,0.47435897435897434,0.20512820512820512,0.1876529649524661,100.0,11.0
Botswana,0.3492063492063492,0.3968253968253968,-0.15873015873015872,0.4650793650793651,0.49047619047619045,0.3492063492063492,0.25396825396825395,0.23812602356330176,100.0,100.0
Brazil,0.7330508474576272,0.08898305084745763,1.5720338983050848,0.5932203389830508,0.4644067796610169,0.7330508474576272,0.17796610169491525,0.23374891225547764,5.0,2.0
British Virgin Islands,0.0,0.875,-2.625,0.3,0.6499999999999999,0.0,0.125,0.16663925906436075,100.0,100.0
Brunei,0.1111111111111111,0.8888888888888888,-3.7777777777777777,0.4,0.6222222222222222,0.1111111111111111,0.0,0.15246306817401784,100.0,100.0
Bulgaria,0.5157232704402516,0.27672955974842767,0.5408805031446541,0.49245283018867925,0.5075471698113208,0.5157232704402516,0.20754716981132076,0.21340600075203922,100.0,41.0
Burkina Faso,0.5975609756097561,0.15853658536585366,0.9024390243902439,0.49756097560975604,0.5439024390243903,0.5975609756097561,0.24390243902439024,0.2398393932634138,100.0,28.0
Burundi,0.34615384615384615,0.36538461538461536,0.019230769230769232,0.4730769230769231,0.525,0.34615384615384615,0.28846153846153844,0.23225291160725184,100.0,100.0
Cambodia,0.19047619047619047,0.6190476190476191,-1.4761904761904763,0.4333333333333333,0.5619047619047619,0.19047619047619047,0.19047619047619047,0.18568614019830085,100.0,22.0
Cameroon,0.6564885496183206,0.1297709923664122,1.083969465648855,0.5404580152671755,0.5106870229007634,0.6564885496183206,0.21374045801526717,0.23967902661362528,100.0,100.0
Canada,0.6071428571428571,0.19642857142857142,1.1785714285714286,0.5285714285714286,0.48392857142857143,0.6071428571428571,0.19642857142857142,0.2108750367263481,29.0,15.0
Cape Verde,0.5892857142857143,0.21428571428571427,0.7321428571428571,0.5035714285714286,0.4732142857142857,0.5892857142857143,0.19642857142857142,0.24499317757816216,100.0,100.0
Cayman Islands,0.07692307692307693,0.6923076923076923,-2.0,0.3,0.6692307692307692,0.07692307692307693,0.23076923076923078,0.2038649065191715,100.0,100.0
Central African Republic,0.35135135135135137,0.35135135135135137,-0.10810810810810811,0.44054054054054054,0.4837837837837837,0.35135135135135137,0.2972972972972973,0.24967910417463282,100.0,37.0
Chad,0.2631578947368421,0.47368421052631576,-0.47368421052631576,0.45526315789473687,0.5210526315789474,0.2631578947368421,0.2631578947368421,0.2371730149732612,100.0,31.0
Chile,0.5161290322580645,0.25806451612903225,0.7016129032258065,0.5306451612903226,0.4911290322580645,0.5161290322580645,0.22580645161290322,0.23568147775447534,100.0,4.0
China PR,0.5648148148148148,0.23148148148148148,1.3518518518518519,0.5046296296296297,0.47870370370370374,0.5648148148148148,0.2037037037037037,0.20841916373638952,100.0,100.0
Colombia,0.4954954954954955,0.26126126126126126,0.6126126126126126,0.5081081081081081,0.5252252252252252,0.4954954954954955,0.24324324324324326,0.226212314417583,14.0,17.0
Comoros,0.3,0.3,-0.1,0.41000000000000003,0.44666666666666666,0.3,0.4,0.23352560500660205,100.0,100.0
Congo,0.44680851063829785,0.2765957446808511,0.3617021276595745,0.5170212765957447,0.5191489361702127,0.44680851063829785,0.2765957446808511,0.25115458233780436,100.0,100.0
Cook Islands,0.2,0.8,-3.2,0.4,0.48,0.2,0.0,0.09256778309409888,100.0,100.0
Costa Rica,0.6530612244897959,0.1326530612244898,1.2959183673469388,0.5326530612244899,0.4816326530612245,0.6530612244897959,0.21428571428571427,0.2187986592327849,100.0,100.0
Croatia,0.6095238095238096,0.12380952380952381,1.2285714285714286,0.5076190476190476,0.45333333333333337,0.6095238095238096,0.26666666666666666,0.20924225887123357,11.0,100.0
Cuba,0.4074074074074074,0.3333333333333333,0.37037037037037035,0.4888888888888889,0.5148148148148148,0.4074074074074074,0.25925925925925924,0.21982322461928275,100.0,100.0
Curaçao,0.4074074074074074,0.2222222222222222,0.8518518518518519,0.45925925925925926,0.5777777777777777,0.4074074074074074,0.37037037037037035,0.163463330538494,100.0,100.0
Cyprus,0.18110236220472442,0.6220472440944882,-0.968503937007874,0.4559055118110236,0.49685039370078743,0.18110236220472442,0.1968503937007874,0.2124579926069195,100.0,100.0
Czech Republic,0.6185567010309279,0.2268041237113402,1.1855670103092784,0.5061855670103093,0.45670103092783504,0.6185567010309279,0.15463917525773196,0.18781575226010272,43.0,100.0
Czechoslovakia,0.7127659574468085,0.13829787234042554,1.5638297872340425,0.5808510638297872,0.5053191489361702,0.7127659574468085,0.14893617021276595,0.22098189912735403,100.0,100.0
C�te d'Ivoire,0.6666666666666666,0.0,0.6666666666666666,0.4666666666666666,0.5666666666666668,0.6666666666666666,0.3333333333333333,0.12393908205426529,100.0,100.0
DR Congo,0.6722689075630253,0.15966386554621848,1.1428571428571428,0.5462184873949579,0.5302521008403361,0.6722689075630253,0.16806722689075632,0.2372950861801364,100.0,37.0
Denmark,0.5290697674418605,0.22093023255813954,0.936046511627907,0.502906976744186,0.47500000000000003,0.5290697674418605,0.25,0.21405053707910732,20.0,4.0
Djibouti,0.125,0.75,-2.1666666666666665,0.45416666666666666,0.48333333333333334,0.125,0.125,0.22386259753799534,100.0,100.0
Dominica,0.21428571428571427,0.5714285714285714,-1.2142857142857142,0.35714285714285715,0.6,0.21428571428571427,0.21428571428571427,0.1887503623641036,100.0,100.0
Dominican Republic,0.5263157894736842,0.3157894736842105,1.1578947368421053,0.42105263157894735,0.6105263157894737,0.5263157894736842,0.15789473684210525,0.17524119024836796,100.0,100.0
Ecuador,0.5463917525773195,0.17525773195876287,0.7628865979381443,0.47010309278350515,0.5061855670103093,0.5463917525773195,0.27835051546391754,0.2333288819964578,23.0,3.0
Egypt,0.8125,0.0625,1.9017857142857142,0.5535714285714286,0.5026785714285714,0.8125,0.125,0.23749941718613035,31.0,100.0
El Salvador,0.5151515151515151,0.2878787878787879,0.9393939393939394,0.4909090909090909,0.47121212121212125,0.5151515151515151,0.19696969696969696,0.20858031878636088,100.0,100.0
England,0.6529680365296804,0.1095890410958904,1.5799086757990868,0.541095890410959,0.4748858447488584,0.6529680365296804,0.2374429223744292,0.21920713871583697,4.0,100.0
Equatorial Guinea,0.5333333333333333,0.3111111111111111,0.3333333333333333,0.5,0.5155555555555555,0.5333333333333333,0.15555555555555556,0.23865309167944762,100.0,100.0
Eritrea,0.2857142857142857,0.2857142857142857,-0.14285714285714285,0.42857142857142855,0.5928571428571429,0.2857142857142857,0.42857142857142855,0.233441692530974,100.0,100.0
Estonia,0.2289156626506024,0.6626506024096386,-0.8795180722891566,0.4253012048192771,0.47831325301204825,0.2289156626506024,0.10843373493975904,0.19745049471655168,100.0,18.0
Eswatini,0.17647058823529413,0.45098039215686275,-0.6274509803921569,0.42352941176470593,0.5470588235294117,0.17647058823529413,0.37254901960784315,0.2349924385899083,100.0,100.0
Ethiopia,0.47058823529411764,0.25882352941176473,0.47058823529411764,0.4764705882352941,0.5329411764705883,0.47058823529411764,0.27058823529411763,0.24350116310042713,100.0,100.0
Faroe Islands,0.14942528735632185,0.7471264367816092,-1.6896551724137931,0.43908045977011495,0.4885057471264368,0.14942528735632185,0.10344827586206896,0.2069091894598289,100.0,24.0
Fiji,0.47058823529411764,0.35294117647058826,1.1764705882352942,0.5,0.5470588235294118,0.47058823529411764,0.17647058823529413,0.14577052505859542,100.0,100.0
Finland,0.35294117647058826,0.4632352941176471,-0.19117647058823528,0.46029411764705885,0.49264705882352944,0.35294117647058826,0.18382352941176472,0.20882073610071997,100.0,10.0
France,0.6651785714285714,0.14285714285714285,1.5133928571428572,0.56875,0.43794642857142857,0.6651785714285714,0.19196428571428573,0.22074781350973405,1.0,9.0
Gabon,0.6071428571428571,0.10714285714285714,0.9047619047619048,0.5023809523809524,0.5154761904761904,0.6071428571428571,0.2857142857142857,0.2604309731739852,100.0,37.0
Gambia,0.43137254901960786,0.27450980392156865,0.29411764705882354,0.43529411764705883,0.5235294117647059,0.43137254901960786,0.29411764705882354,0.24494998229970844,100.0,8.0
Georgia,0.31645569620253167,0.4177215189873418,-0.10126582278481013,0.44936708860759494,0.4531645569620253,0.31645569620253167,0.26582278481012656,0.2113745797983598,100.0,100.0
German DR,0.5769230769230769,0.23076923076923078,0.7884615384615384,0.5211538461538462,0.551923076923077,0.5769230769230769,0.19230769230769232,0.20273654594867946,100.0,35.0
Germany,0.692,0.124,1.68,0.5448,0.3932,0.692,0.184,0.21944234550414374,10.0,42.0
Germany FR,0.6829268292682927,0.024390243902439025,1.5121951219512195,0.7097560975609757,0.651219512195122,0.6829268292682927,0.2926829268292683,0.2407458190420442,100.0,25.0
Ghana,0.6481481481481481,0.1111111111111111,1.3240740740740742,0.5407407407407407,0.5222222222222223,0.6481481481481481,0.24074074074074073,0.24417993214847988,100.0,26.0
Gibraltar,0.0,1.0,-3.962962962962963,0.42592592592592593,0.4888888888888889,0.0,0.0,0.20619385217332925,100.0,34.0
Greece,0.5328947368421053,0.3026315789473684,0.4868421052631579,0.46513157894736845,0.5151315789473684,0.5328947368421053,0.16447368421052633,0.20090429380808658,100.0,100.0
Grenada,0.375,0.5,0.9375,0.39375,0.51875,0.375,0.125,0.16922848747558117,100.0,100.0
Guam,0.3333333333333333,0.5555555555555556,-0.7777777777777778,0.37777777777777777,0.5888888888888889,0.3333333333333333,0.1111111111111111,0.1604611733994038,100.0,100.0
Guatemala,0.5833333333333334,0.1875,1.375,0.5125,0.5229166666666666,0.5833333333333334,0.22916666666666666,0.187206447451184,100.0,100.0
Guinea,0.6697247706422018,0.11926605504587157,1.165137614678899,0.5311926605504587,0.5385321100917432,0.6697247706422018,0.21100917431192662,0.24622674715837906,100.0,13.0
Guinea-Bissau,0.4146341463414634,0.3170731707317073,0.12195121951219512,0.47560975609756095,0.5390243902439025,0.4146341463414634,0.2682926829268293,0.23622537925761924,100.0,100.0
Guyana,0.4,0.5333333333333333,-0.26666666666666666,0.44666666666666666,0.52,0.4,0.06666666666666667,0.16000850802442643,100.0,100.0
Haiti,0.38095238095238093,0.38095238095238093,0.09523809523809523,0.5238095238095238,0.4619047619047619,0.38095238095238093,0.23809523809523808,0.1801040918993778,100.0,100.0
Honduras,0.4939759036144578,0.30120481927710846,0.7349397590361446,0.5108433734939759,0.5120481927710844,0.4939759036144578,0.20481927710843373,0.2089579660144375,100.0,100.0
Hong Kong,0.2545454545454545,0.4909090909090909,-0.18181818181818182,0.4618181818181818,0.4854545454545454,0.2545454545454545,0.2545454545454545,0.18874207954892597,100.0,100.0
Hungary,0.5730337078651685,0.24719101123595505,1.1629213483146068,0.5292134831460674,0.5,0.5730337078651685,0.1797752808988764,0.20969831922992685,41.0,100.0
Iceland,0.38016528925619836,0.4049586776859504,-0.10743801652892562,0.4636363636363636,0.5214876033057851,0.38016528925619836,0.21487603305785125,0.20681221749394174,100.0,1.0
India,0.25,0.5,-0.6875,0.44375,0.515625,0.25,0.25,0.19448836265197603,100.0,22.0
Indonesia,0.44,0.38,0.16,0.498,0.484,0.44,0.18,0.19746677984582736,100.0,100.0
Iran,0.6444444444444445,0.1037037037037037,1.4962962962962962,0.5214814814814815,0.4703703703703704,0.6444444444444445,0.2518518518518518,0.226853266351481,21.0,100.0
Iraq,0.574468085106383,0.23404255319148937,1.0425531914893618,0.49255319148936166,0.47234042553191485,0.574468085106383,0.19148936170212766,0.20949658022682452,100.0,100.0
Israel,0.464,0.296,0.528,0.4824,0.49360000000000004,0.464,0.24,0.19582813284101808,100.0,100.0
Italy,0.6796875,0.08203125,1.3828125,0.559765625,0.46640625,0.6796875,0.23828125,0.22395153220315442,12.0,15.0
Ivory Coast,0.8198198198198198,0.05405405405405406,2.009009009009009,0.5108108108108108,0.5423423423423424,0.8198198198198198,0.12612612612612611,0.23181163809892674,37.0,100.0
Jamaica,0.4838709677419355,0.24193548387096775,0.6774193548387096,0.48870967741935484,0.4645161290322581,0.4838709677419355,0.27419354838709675,0.201414262444401,100.0,100.0
Japan,0.5725190839694656,0.183206106870229,1.4274809160305344,0.5129770992366413,0.4519083969465649,0.5725190839694656,0.24427480916030533,0.23054738679803938,19.0,22.0
Jordan,0.5087719298245614,0.2631578947368421,1.0350877192982457,0.47368421052631576,0.5017543859649123,0.5087719298245614,0.22807017543859648,0.21351569008922286,100.0,100.0
Kazakhstan,0.24242424242424243,0.5454545454545454,-0.42424242424242425,0.47575757575757577,0.5,0.24242424242424243,0.21212121212121213,0.19255368260463038,100.0,100.0
Kenya,0.5,0.21875,0.6354166666666666,0.5104166666666666,0.5114583333333333,0.5,0.28125,0.23545258689241785,100.0,100.0
Korea DPR,0.3333333333333333,0.3333333333333333,-0.6666666666666666,0.6,0.6333333333333334,0.3333333333333333,0.3333333333333333,0.163802433937858,100.0,100.0
Kosovo,0.18181818181818182,0.5,-0.8636363636363636,0.4454545454545455,0.45,0.18181818181818182,0.3181818181818182,0.22312588499201233,100.0,11.0
Kuwait,0.52,0.26666666666666666,1.08,0.4866666666666667,0.484,0.52,0.21333333333333335,0.21951607436411508,100.0,100.0
Kyrgyzstan,0.375,0.40625,0.15625,0.41875,0.503125,0.375,0.21875,0.20687229393106962,100.0,21.0
Laos,0.15384615384615385,0.6923076923076923,-1.7692307692307692,0.4153846153846154,0.6307692307692307,0.15384615384615385,0.15384615384615385,0.16941175830167932,100.0,100.0
Latvia,0.26436781609195403,0.5172413793103449,-0.5287356321839081,0.4367816091954023,0.4793103448275862,0.26436781609195403,0.21839080459770116,0.18945019918565953,100.0,100.0
Lebanon,0.29545454545454547,0.3181818181818182,0.38636363636363635,0.43863636363636366,0.509090909090909,0.29545454545454547,0.38636363636363635,0.21509004967924933,100.0,100.0
Lesotho,0.21818181818181817,0.34545454545454546,-0.23636363636363636,0.4436363636363636,0.5309090909090909,0.21818181818181817,0.43636363636363634,0.22223374891985337,100.0,100.0
Liberia,0.4659090909090909,0.2727272727272727,0.3181818181818182,0.49090909090909096,0.5136363636363637,0.4659090909090909,0.26136363636363635,0.24849251680091236,100.0,37.0
Libya,0.5333333333333333,0.21333333333333335,0.68,0.5226666666666667,0.5066666666666667,0.5333333333333333,0.25333333333333335,0.25071349226266615,100.0,31.0
Liechtenstein,0.0641025641025641,0.7948717948717948,-2.3974358974358974,0.4282051282051282,0.4935897435897436,0.0641025641025641,0.14102564102564102,0.2043955784217634,100.0,24.0
Lithuania,0.2682926829268293,0.5121951219512195,-0.5365853658536586,0.4402439024390244,0.49756097560975604,0.2682926829268293,0.21951219512195122,0.20381597924849157,100.0,42.0
Luxembourg,0.09774436090225563,0.8195488721804511,-2.030075187969925,0.4195488721804511,0.5105263157894737,0.09774436090225563,0.08270676691729323,0.22232077586934743,100.0,10.0
Macau,0.17647058823529413,0.7058823529411765,-3.411764705882353,0.4411764705882353,0.6058823529411765,0.17647058823529413,0.11764705882352941,0.15005383724888818,100.0,100.0
Madagascar,0.38028169014084506,0.28169014084507044,0.04225352112676056,0.47323943661971835,0.5154929577464789,0.38028169014084506,0.3380281690140845,0.23627510911283336,100.0,100.0
Malawi,0.3804347826086957,0.33695652173913043,0.17391304347826086,0.5173913043478261,0.4956521739130435,0.3804347826086957,0.2826086956521739,0.24921030317983278,100.0,100.0
Malaysia,0.43902439024390244,0.34146341463414637,0.2682926829268293,0.44390243902439025,0.5853658536585366,0.43902439024390244,0.21951219512195122,0.1716312113304476,100.0,100.0
Maldives,0.3,0.6,-1.35,0.45,0.54,0.3,0.1,0.15678736314118416,100.0,21.0
Mali,0.6702127659574468,0.10638297872340426,1.297872340425532,0.5255319148936171,0.5148936170212766,0.6702127659574468,0.22340425531914893,0.23093822402845934,100.0,13.0
Malta,0.041666666666666664,0.8,-1.725,0.45749999999999996,0.4966666666666667,0.041666666666666664,0.15833333333333333,0.2185716662968191,100.0,20.0
Mauritania,0.39215686274509803,0.3137254901960784,0.17647058823529413,0.49607843137254903,0.5274509803921569,0.39215686274509803,0.29411764705882354,0.23715993020067025,100.0,100.0
Mauritius,0.21875,0.515625,-0.5625,0.4640625,0.5625,0.21875,0.265625,0.22276825900307892,100.0,100.0
Mexico,0.6929133858267716,0.11023622047244094,1.858267716535433,0.5393700787401575,0.48976377952755906,0.6929133858267716,0.1968503937007874,0.23487576455506,16.0,100.0
Moldova,0.15584415584415584,0.6103896103896104,-1.0129870129870129,0.44675324675324674,0.5064935064935064,0.15584415584415584,0.23376623376623376,0.19906354205571947,100.0,35.0
Mongolia,0.36363636363636365,0.6363636363636364,-0.36363636363636365,0.33636363636363636,0.5636363636363636,0.36363636363636365,0.0,0.1284820684752842,100.0,100.0
Montenegro,0.34146341463414637,0.34146341463414637,0.024390243902439025,0.424390243902439,0.5292682926829269,0.34146341463414637,0.3170731707317073,0.1941339179595007,100.0,100.0
Montserrat,0.2222222222222222,0.5555555555555556,-1.6666666666666667,0.23333333333333334,0.6444444444444444,0.2222222222222222,0.2222222222222222,0.15917064966394467,100.0,100.0
Morocco,0.7226277372262774,0.08759124087591241,1.6642335766423357,0.5408759124087591,0.5116788321167883,0.7226277372262774,0.1897810218978102,0.2383437744896641,8.0,100.0
Mozambique,0.5,0.23170731707317074,0.5609756097560976,0.5207317073170732,0.5524390243902438,0.5,0.2682926829268293,0.22741228385011117,100.0,100.0
Myanmar,0.4444444444444444,0.4444444444444444,-0.7222222222222222,0.43333333333333335,0.5166666666666667,0.4444444444444444,0.1111111111111111,0.16471474523114576,100.0,100.0
Namibia,0.34328358208955223,0.3283582089552239,0.07462686567164178,0.4925373134328358,0.5014925373134329,0.34328358208955223,0.3283582089552239,0.23667689770004996,100.0,100.0
Nepal,0.2,0.55,-1.4,0.39,0.5549999999999999,0.2,0.25,0.18328172067033624,100.0,22.0
Netherlands,0.6711111111111111,0.11555555555555555,1.7822222222222222,0.5395555555555556,0.4728888888888889,0.6711111111111111,0.21333333333333335,0.20615643882385754,7.0,18.0
New Caledonia,0.6,0.3,2.2,0.54,0.54,0.6,0.1,0.14358748234909227,100.0,100.0
New Zealand,0.7142857142857143,0.10204081632653061,2.9183673469387754,0.5040816326530612,0.5,0.7142857142857143,0.1836734693877551,0.16153100541653095,100.0,27.0
Nicaragua,0.4117647058823529,0.47058823529411764,0.0,0.4411764705882353,0.5705882352941176,0.4117647058823529,0.11764705882352941,0.18874400495739124,100.0,100.0
Niger,0.4098360655737705,0.39344262295081966,0.04918032786885246,0.4721311475409836,0.5049180327868853,0.4098360655737705,0.19672131147540983,0.25228909887537115,100.0,100.0
Nigeria,0.6666666666666666,0.12318840579710146,1.3840579710144927,0.5594202898550725,0.49420289855072463,0.6666666666666666,0.21014492753623187,0.24296760793876815,26.0,100.0
North Korea,0.4918032786885246,0.29508196721311475,0.3770491803278688,0.4819672131147541,0.47540983606557374,0.4918032786885246,0.21311475409836064,0.2125053702750853,100.0,27.0
North Macedonia,0.32051282051282054,0.44871794871794873,-0.08974358974358974,0.41794871794871796,0.47820512820512817,0.32051282051282054,0.23076923076923078,0.19236333964192662,100.0,20.0
Northern Ireland,0.47183098591549294,0.31690140845070425,0.33098591549295775,0.5126760563380282,0.5274647887323944,0.47183098591549294,0.2112676056338028,0.20014628303740056,100.0,38.0
Norway,0.44366197183098594,0.34507042253521125,0.5,0.4788732394366197,0.5154929577464789,0.44366197183098594,0.2112676056338028,0.19929065481437583,32.0,100.0
Oman,0.5333333333333333,0.23333333333333334,1.1,0.49333333333333335,0.5,0.5333333333333333,0.23333333333333334,0.196881594534176,100.0,100.0
Pakistan,0.05263157894736842,0.7894736842105263,-3.3157894736842106,0.4052631578947368,0.5684210526315789,0.05263157894736842,0.15789473684210525,0.19690127425499512,100.0,100.0
Palestine,0.3448275862068966,0.2413793103448276,0.6896551724137931,0.41379310344827586,0.5551724137931034,0.3448275862068966,0.41379310344827586,0.2164183002596822,100.0,100.0
Panama,0.509090909090909,0.14545454545454545,1.018181818181818,0.49272727272727274,0.4890909090909091,0.509090909090909,0.34545454545454546,0.20665589718878685,33.0,100.0
Papua New Guinea,0.25,0.5,-0.4166666666666667,0.4166666666666667,0.5333333333333333,0.25,0.25,0.16019643124906283,100.0,100.0
Paraguay,0.5299145299145299,0.21367521367521367,0.5811965811965812,0.5145299145299146,0.4897435897435897,0.5299145299145299,0.2564102564102564,0.2273664850108736,40.0,42.0
Peru,0.42718446601941745,0.2815533980582524,0.34951456310679613,0.4912621359223301,0.5203883495145631,0.42718446601941745,0.2912621359223301,0.23444139381288626,100.0,5.0
Philippines,0.25,0.5,-0.8125,0.45,0.55,0.25,0.25,0.1705818228961719,100.0,100.0
Poland,0.5755813953488372,0.19186046511627908,1.1046511627906976,0.5296511627906977,0.48081395348837214,0.5755813953488372,0.23255813953488372,0.2085815972503165,34.0,100.0
Portugal,0.6597938144329897,0.1134020618556701,1.5515463917525774,0.5335051546391752,0.5041237113402062,0.6597938144329897,0.2268041237113402,0.20728718166340313,6.0,2.0
Puerto Rico,0.4666666666666667,0.2,1.3333333333333333,0.44666666666666666,0.5866666666666666,0.4666666666666667,0.3333333333333333,0.16157923640362865,100.0,100.0
Qatar,0.5514018691588785,0.2803738317757009,1.0,0.4457943925233645,0.49626168224299066,0.5514018691588785,0.16822429906542055,0.2160683612145711,100.0,100.0
Republic of Ireland,0.46153846153846156,0.1987179487179487,0.6923076923076923,0.47115384615384615,0.5102564102564102,0.46153846153846156,0.33974358974358976,0.1980631093398835,100.0,9.0
Romania,0.5975609756097561,0.18902439024390244,1.079268292682927,0.5140243902439025,0.4859756097560976,0.5975609756097561,0.21341463414634146,0.20457108218079711,100.0,100.0
Russia,0.7267080745341615,0.09316770186335403,1.6583850931677018,0.5434782608695652,0.48198757763975153,0.7267080745341615,0.18012422360248448,0.20811314992702734,100.0,34.0
Rwanda,0.3157894736842105,0.3684210526315789,0.14035087719298245,0.48596491228070177,0.5105263157894737,0.3157894736842105,0.3157894736842105,0.24984562769087557,100.0,100.0
Saarland,0.0,0.5,-1.0,0.4,0.6,0.0,0.5,0.21258169934640522,100.0,32.0
Saint Kitts and Nevis,0.42857142857142855,0.2857142857142857,0.9523809523809523,0.4333333333333333,0.5714285714285714,0.42857142857142855,0.2857142857142857,0.15425074159859925,100.0,100.0
Saint Lucia,0.5,0.4166666666666667,0.08333333333333333,0.44166666666666665,0.5583333333333333,0.5,0.08333333333333333,0.18793919169767082,100.0,100.0
Saint Vincent and the Grenadines,0.36363636363636365,0.5757575757575758,-0.30303030303030304,0.5181818181818182,0.4424242424242424,0.36363636363636365,0.06060606060606061,0.19600501776668686,100.0,100.0
Samoa,0.5,0.42857142857142855,-0.5714285714285714,0.5142857142857143,0.5214285714285715,0.5,0.07142857142857142,0.06576610523978944,100.0,100.0
San Marino,0.0,0.9764705882352941,-3.623529411764706,0.4235294117647059,0.49647058823529416,0.0,0.023529411764705882,0.2063201410007592,100.0,18.0
Saudi Arabia,0.5968992248062015,0.21705426356589147,1.0155038759689923,0.49224806201550386,0.46511627906976744,0.5968992248062015,0.18604651162790697,0.21683944642568342,100.0,100.0
Scotland,0.5605095541401274,0.17834394904458598,0.821656050955414,0.5063694267515924,0.5006369426751592,0.5605095541401274,0.2611464968152866,0.20581609555133704,38.0,35.0
Senegal,0.6759259259259259,0.08333333333333333,1.5,0.5166666666666666,0.5037037037037037,0.6759259259259259,0.24074074074074073,0.24271454737294787,13.0,100.0
Serbia,0.5121951219512195,0.21951219512195122,0.8048780487804879,0.49146341463414633,0.47317073170731705,0.5121951219512195,0.2682926829268293,0.1987503800889678,39.0,100.0
Seychelles,0.16129032258064516,0.6774193548387096,-1.903225806451613,0.4258064516129032,0.5064516129032258,0.16129032258064516,0.16129032258064516,0.2216200609352374,100.0,100.0
Sierra Leone,0.4857142857142857,0.22857142857142856,0.45714285714285713,0.48999999999999994,0.5114285714285713,0.4857142857142857,0.2857142857142857,0.24762761167328076,100.0,37.0
Singapore,0.3333333333333333,0.5208333333333334,-0.5208333333333334,0.45,0.5229166666666667,0.3333333333333333,0.14583333333333334,0.19450754556852623,100.0,100.0
Slovakia,0.5,0.2727272727272727,0.7159090909090909,0.475,0.49659090909090914,0.5,0.22727272727272727,0.1911426260194899,100.0,1.0
Slovenia,0.4673913043478261,0.31521739130434784,0.43478260869565216,0.5043478260869565,0.46195652173913043,0.4673913043478261,0.21739130434782608,0.20048898942738316,100.0,12.0
Solomon Islands,0.5238095238095238,0.2857142857142857,1.2380952380952381,0.5238095238095238,0.4904761904761905,0.5238095238095238,0.19047619047619047,0.1502693759211221,100.0,100.0
Somalia,0.14285714285714285,0.6428571428571429,-1.1428571428571428,0.45,0.5071428571428571,0.14285714285714285,0.21428571428571427,0.20759534070891172,100.0,100.0
South Africa,0.5421686746987951,0.13253012048192772,0.7831325301204819,0.5590361445783132,0.4530120481927711,0.5421686746987951,0.3253012048192771,0.23812970152306065,100.0,100.0
South Korea,0.5886075949367089,0.189873417721519,1.0886075949367089,0.529746835443038,0.4620253164556962,0.5886075949367089,0.22151898734177214,0.21547943513646733,22.0,25.0
South Sudan,0.2222222222222222,0.5555555555555556,-0.7037037037037037,0.37037037037037035,0.5148148148148148,0.2222222222222222,0.2222222222222222,0.21464934567429989,100.0,100.0
Soviet Union,0.7222222222222222,0.1111111111111111,1.3888888888888888,0.7388888888888889,0.6888888888888889,0.7222222222222222,0.16666666666666666,0.22891919314380088,100.0,4.0
Spain,0.7129629629629629,0.1111111111111111,1.912037037037037,0.5439814814814815,0.4800925925925926,0.7129629629629629,0.17592592592592593,0.2222957246505191,2.0,6.0
Sri Lanka,0.15789473684210525,0.5789473684210527,-1.0526315789473684,0.39473684210526316,0.5421052631578948,0.15789473684210525,0.2631578947368421,0.17206911966057517,100.0,100.0
Sudan,0.5425531914893617,0.24468085106382978,0.5,0.4946808510638298,0.524468085106383,0.5425531914893617,0.2127659574468085,0.2506942281442895,100.0,100.0
Suriname,0.4444444444444444,0.2962962962962963,0.9629629629629629,0.41851851851851857,0.5296296296296297,0.4444444444444444,0.25925925925925924,0.18253339210099573,100.0,100.0
Sweden,0.6169154228855721,0.19900497512437812,1.1840796019900497,0.5472636815920398,0.4885572139303483,0.6169154228855721,0.18407960199004975,0.2159995937441642,42.0,100.0
Switzerland,0.5365853658536586,0.1951219512195122,0.9024390243902439,0.5426829268292683,0.4993902439024391,0.5365853658536586,0.2682926829268293,0.21628027640428302,18.0,100.0
Syria,0.515625,0.265625,1.234375,0.4703125,0.496875,0.515625,0.21875,0.20784043457709864,100.0,100.0
São Tomé and Príncipe,0.2916666666666667,0.625,-1.2083333333333333,0.4291666666666667,0.4708333333333334,0.2916666666666667,0.08333333333333333,0.21046477108315345,100.0,100.0
Tahiti,0.5384615384615384,0.3076923076923077,0.38461538461538464,0.5153846153846154,0.5769230769230769,0.5384615384615384,0.15384615384615385,0.14121207093888619,100.0,27.0
Taiwan,0.2,0.7666666666666667,-1.4,0.4533333333333333,0.5700000000000001,0.2,0.03333333333333333,0.18240347382218708,100.0,100.0
Tajikistan,0.4642857142857143,0.32142857142857145,1.2857142857142858,0.4178571428571428,0.5499999999999999,0.4642857142857143,0.21428571428571427,0.17047139245660356,100.0,100.0
Tanzania,0.3333333333333333,0.3333333333333333,0.15384615384615385,0.5051282051282051,0.5115384615384615,0.3333333333333333,0.3333333333333333,0.2340610789840435,100.0,100.0
Thailand,0.328125,0.421875,-0.0625,0.4828125,0.484375,0.328125,0.25,0.20000821397348265,100.0,100.0
Timor-Leste,0.0,1.0,-3.8333333333333335,0.43333333333333335,0.4666666666666666,0.0,0.0,0.1771332624836431,100.0,100.0
Togo,0.4818181818181818,0.2727272727272727,0.45454545454545453,0.5081818181818182,0.5254545454545454,0.4818181818181818,0.24545454545454545,0.24972276349277847,100.0,100.0
Tonga,0.4444444444444444,0.5555555555555556,-1.4444444444444444,0.5555555555555556,0.6333333333333333,0.4444444444444444,0.0,0.05764482431149098,100.0,100.0
Trinidad and Tobago,0.49122807017543857,0.2631578947368421,1.0350877192982457,0.5333333333333333,0.48771929824561405,0.49122807017543857,0.24561403508771928,0.21199148472167728,100.0,100.0
Tunisia,0.7016129032258065,0.08870967741935484,1.5725806451612903,0.5645161290322581,0.5225806451612903,0.7016129032258065,0.20967741935483872,0.24436178299696884,100.0,8.0
Turkey,0.5066666666666667,0.31333333333333335,0.5333333333333333,0.506,0.5146666666666667,0.5066666666666667,0.18,0.20470219358854727,25.0,100.0
Turkmenistan,0.4666666666666667,0.4,0.3333333333333333,0.49,0.52,0.4666666666666667,0.13333333333333333,0.19623889299124953,100.0,100.0
Turks and Caicos Islands,0.14285714285714285,0.7142857142857143,-3.7142857142857144,0.37142857142857144,0.7571428571428571,0.14285714285714285,0.14285714285714285,0.07043398330992316,100.0,100.0
USA,0.6382978723404256,0.22340425531914893,1.1382978723404256,0.5468085106382978,0.48510638297872344,0.6382978723404256,0.13829787234042554,0.22108357348282529,100.0,100.0
Uganda,0.631578947368421,0.17894736842105263,0.8421052631578947,0.503157894736842,0.5042105263157894,0.631578947368421,0.18947368421052632,0.2369679213180414,100.0,100.0
Ukraine,0.5111111111111111,0.2,0.6666666666666666,0.4744444444444445,0.48444444444444446,0.5111111111111111,0.28888888888888886,0.20595380795448498,30.0,100.0
United Arab Emirates,0.5360824742268041,0.25773195876288657,0.9278350515463918,0.4845360824742268,0.46185567010309275,0.5360824742268041,0.20618556701030927,0.22438966393681833,100.0,100.0
United States Virgin Islands,0.1,0.8,-3.7,0.29,0.61,0.1,0.1,0.18279092617908405,100.0,100.0
Uruguay,0.5915492957746479,0.16901408450704225,0.9929577464788732,0.5535211267605633,0.48802816901408447,0.5915492957746479,0.23943661971830985,0.22527006981434594,17.0,100.0
Uzbekistan,0.6388888888888888,0.16666666666666666,1.375,0.5486111111111112,0.5013888888888889,0.6388888888888888,0.19444444444444445,0.21645244420043758,100.0,100.0
Vanuatu,0.2,0.8,-2.6,0.42000000000000004,0.52,0.2,0.0,0.1132748538011696,100.0,100.0
Venezuela,0.2840909090909091,0.4772727272727273,-0.5681818181818182,0.47045454545454546,0.4738636363636364,0.2840909090909091,0.23863636363636365,0.23853889233919895,100.0,17.0
Vietnam,0.35135135135135137,0.5405405405405406,-0.16216216216216217,0.5,0.4837837837837837,0.35135135135135137,0.10810810810810811,0.1988430860305691,100.0,100.0
Vietnam Republic,0.0,1.0,-4.0,0.5,0.8,0.0,0.0,0.1623931623931624,100.0,19.0
Wales,0.48175182481751827,0.291970802919708,0.48175182481751827,0.48613138686131385,0.5255474452554745,0.48175182481751827,0.22627737226277372,0.2046925375300337,35.0,4.0
Yemen,0.29411764705882354,0.47058823529411764,-0.29411764705882354,0.47058823529411764,0.5558823529411764,0.29411764705882354,0.23529411764705882,0.19781064784707356,100.0,100.0
Yemen DPR,0.0,1.0,-3.0,0.7,0.8,0.0,0.0,0.2916666666666667,100.0,100.0
Yugoslavia,0.6823529411764706,0.10588235294117647,1.6823529411764706,0.5811764705882353,0.5552941176470588,0.6823529411764706,0.21176470588235294,0.22411880910199955,100.0,18.0
Zaire,0.0,1.0,-2.5,0.7,0.7,0.0,0.0,0.22667440960123886,100.0,38.0
Zambia,0.6470588235294118,0.11764705882352941,1.2352941176470589,0.5521008403361345,0.5109243697478991,0.6470588235294118,0.23529411764705882,0.24276582885590064,100.0,100.0
Zimbabwe,0.4942528735632184,0.1724137931034483,0.735632183908046,0.5298850574712644,0.5379310344827586,0.4942528735632184,0.3333333333333333,0.2501259396169662,100.0,27.0
"rn"">Bosnia and Herzegovina",1.0,0.0,2.0,0.1,0.5,1.0,0.0,0.2,100.0,100.0
"rn"">Republic of Ireland",0.0,0.0,0.0,0.45999999999999996,0.42000000000000004,0.0,1.0,0.2707941678008353,100.0,31.0
"rn"">Serbia and Montenegro",0.0,1.0,-1.0,0.5,0.3,0.0,0.0,0.15625,100.0,7.0
"rn"">Trinidad and Tobago",0.0,0.0,0.0,0.5,0.3,0.0,1.0,0.24083769633507854,100.0,42.0
"rn"">United Arab Emirates",0.0,1.0,-2.0,0.5,0.4,0.0,0.0,0.3333333333333333,100.0,14.0
